frame_time_s,f0_hz
0,
0.0928604,
0.185721,350.237
0.278581,352.266
0.371442,409.35
0.464302,207.053
0.557163,194.306
0.650023,190.968
0.742883,196.564
0.835744,202.324
0.928604,198.848
1.02146,204.675
1.11433,194.306
1.20719,197.703
1.30005,190.968
1.39291,360.5
1.48577,131.191
1.57863,173.107
1.67149,178.18
1.76435,180.25
1.85721,183.401
1.95007,175.119
2.04293,181.294
2.13579,176.133
2.22865,176.133
2.32151,176.133
2.41437,172.11
2.50723,176.133
2.60009,175.119
2.69295,183.401
2.78581,207.053
2.87867,194.306
2.97153,192.075
3.06439,87.5594
3.15725,77.5572
3.25011,51.7632
3.34298,136.604
3.43584,138.992
3.5287,138.992
3.62156,149.831
3.71442,88.0666
3.80728,87.5594
3.90014,83.6053
3.993,82.645
4.08586,65.9754
4.17872,82.645
4.27158,82.645
4.36444,82.645
4.4573,175.119
4.55016,174.11
4.64302,82.169
4.73588,70.3034
4.82874,68.302
4.9216,131.191
5.01446,130.435
5.10732,131.191
5.20018,131.191
5.29304,131.191
5.3859,130.435
5.47876,116.878
5.57163,115.535
5.66449,202.324
5.75735,183.401
5.85021,183.401
5.94307,81.2252
6.03593,65.2176
6.12879,87.5594
6.22165,178.18
6.31451,178.18
6.40737,87.5594
6.50023,88.0666
6.59309,177.154
6.68595,177.154
6.77881,184.463
6.87167,174.11
6.96453,175.119
7.05739,177.154
7.15025,174.11
7.24311,173.107
7.33597,348.22
7.42883,197.703
7.52169,90.6471
7.61455,69.8985
7.70742,69.8985
7.80028,136.604
7.89314,138.191
7.986,70.3034
8.07886,69.8985
8.17172,188.775
8.26458,175.119
8.35744,88.0666
8.4503,87.5594
8.54316,65.9754
8.63602,65.5954
8.72888,65.5954
8.82174,66.3576
8.9146,65.9754
9.00746,65.9754
9.10032,65.9754
9.19318,65.5954
9.28604,65.5954
9.3789,204.675
9.47176,205.86
9.56462,202.324
9.65748,69.4959
9.75034,205.86
9.8432,68.6977
9.93607,51.7632
10.0289,87.5594
10.1218,114.208
10.2146,52.0631
10.3075,52.0631
10.4004,87.0551
10.4932,205.86
10.5861,175.119
10.6789,177.154
10.7718,87.5594
10.8647,195.432
10.9575,91.7004
11.0504,96.5936
11.1433,131.191
11.2361,124.545
11.329,273.208
11.4218,134.257
11.5147,131.191
11.6076,131.191
11.7004,235.11
11.7933,247.655
11.8861,250.533
11.979,
12.0719,56.7752
12.1647,69.8985
12.2576,69.8985
12.3504,69.8985
12.4433,
12.5362,70.3034
12.629,70.3034
12.7219,131.191
12.8147,138.191
12.9076,88.0666
13.0005,88.5768
13.0933,138.191
13.1862,131.951
13.279,65.9754
13.3719,65.9754
13.4648,66.3576
13.5576,65.9754
13.6505,65.9754
13.7433,65.5954
13.8362,65.5954
13.9291,65.9754
14.0219,51.4651
14.1148,102.93
14.2076,196.564
14.3005,205.86
14.3934,202.324
14.4862,208.252
14.5791,204.675
14.6719,85.5595
14.7648,73.6284
14.8577,69.4959
14.9505,51.1687
15.0434,131.191
15.1362,250.533
15.2291,176.133
15.322,179.212
15.4148,86.5537
15.5077,203.496
15.6006,93.3033
15.6934,120.303
15.7863,138.191
15.8791,
15.972,
16.0649,
16.1577,
16.2506,
16.3434,
16.4363,
16.5292,
16.622,
16.7149,
16.8077,
16.9006,225.793
16.9935,236.472
17.0863,232.409
17.1792,232.409
17.272,233.755
17.3649,213.12
17.4578,207.053
17.5506,197.703
17.6435,190.968
17.7363,205.86
17.8292,195.432
17.9221,184.463
18.0149,196.564
18.1078,196.564
18.2006,200
18.2935,233.755
18.3864,231.071
18.4792,208.252
18.5721,194.306
18.6649,192.075
18.7578,179.212
18.8507,215.596
18.9435,352.266
19.0364,400
19.1292,197.703
19.2221,381.937
19.315,384.149
19.4078,390.864
19.5007,356.359
19.5935,
19.6864,193.187
19.7793,208.252
19.8721,207.053
19.965,198.848
20.0579,207.053
20.1507,204.675
20.2436,195.432
20.3364,195.432
20.4293,197.703
20.5222,196.564
20.615,197.703
20.7079,195.432
20.8007,214.355
20.8936,229.74
20.9865,215.596
21.0793,205.86
21.1722,138.992
21.265,69.4959
21.3579,66.3576
21.4508,129.684
21.5436,53.28
21.6365,65.5954
21.7293,122.405
21.8222,128.937
21.9151,87.0551
22.0079,131.191
22.1008,87.0551
22.1936,167.211
22.2865,173.107
22.3794,130.435
22.4722,189.868
22.5651,204.675
22.6579,223.199
22.7508,201.159
22.8437,190.968
22.9365,91.7004
23.0294,190.968
23.1222,71.1203
23.2151,132.715
23.308,131.191
23.4008,88.5768
23.4937,87.0551
23.5865,
23.6794,
23.7723,51.7632
23.8651,66.3576
23.958,87.5594
24.0508,239.219
24.1437,86.5537
24.2366,87.5594
24.3294,88.0666
24.4223,87.5594
24.5152,173.107
24.608,176.133
24.7009,86.5537
24.7937,188.775
24.8866,194.306
24.9795,88.5768
25.0723,196.564
25.1652,194.306
25.258,188.775
25.3509,183.401
25.4438,68.6977
25.5366,66.742
25.6295,
25.7223,96.5936
25.8152,260.87
25.9081,260.87
26.0009,262.382
26.0938,221.914
26.1866,232.409
26.2795,232.409
26.3724,233.755
26.4652,232.409
26.5581,233.755
26.6509,235.11
26.7438,210.672
26.8367,159.66
26.9295,208.252
27.0224,208.252
27.1152,196.564
27.2081,195.432
27.301,196.564
27.3938,196.564
27.4867,195.432
27.5795,196.564
27.6724,193.187
27.7653,208.252
27.8581,196.564
27.951,195.432
28.0438,183.401
28.1367,204.675
28.2296,197.703
28.3224,89.0899
28.4153,64.4685
28.5081,194.306
28.601,129.684
28.6939,134.257
28.7867,128.937
28.8796,146.409
28.9725,193.187
29.0653,196.564
29.1582,192.075
29.251,194.306
29.3439,207.053
29.4368,193.187
29.5296,197.703
29.6225,207.053
29.7153,195.432
29.8082,196.564
29.9011,196.564
29.9939,200
30.0868,139.797
30.1796,198.848
30.2725,195.432
30.3654,136.604
30.4582,294.513
30.5511,317.48
30.6439,
30.7368,
30.8297,227.101
30.9225,223.199
31.0154,249.09
31.1082,87.0551
31.2011,188.775
31.294,87.5594
31.3868,240.605
31.4797,205.86
31.5725,91.7004
31.6654,256.389
31.7583,202.324
31.8511,201.159
31.944,195.432
32.0368,204.675
32.1297,204.675
32.2226,218.102
32.3154,219.365
32.4083,
32.5011,
32.594,
32.6869,
32.7797,
32.8726,
32.9654,
33.0583,
33.1512,
33.244,
33.3369,
33.4298,
33.5226,592.439
33.6155,215.596
33.7083,262.382
33.8012,90.125
33.8941,259.368
33.9869,262.382
34.0798,198.848
34.1726,211.893
34.2655,235.11
34.3584,225.793
34.4512,232.409
34.5441,232.409
34.6369,232.409
34.7298,232.409
34.8227,232.409
34.9155,274.791
35.0084,276.383
35.1012,233.755
35.1941,233.755
35.287,262.382
35.3798,260.87
35.4727,224.492
35.5655,262.382
35.6584,263.902
35.7513,114.87
35.8441,112.896
35.937,205.86
36.0298,130.435
36.1227,193.187
36.2156,176.133
36.3084,208.252
36.4013,208.252
36.4941,232.409
36.587,235.11
36.6799,232.409
36.7727,232.409
36.8656,232.409
36.9584,233.755
37.0513,120.303
37.1442,233.755
37.237,233.755
37.3299,205.86
37.4228,213.12
37.5156,233.755
37.6085,232.409
37.7013,247.655
37.7942,249.09
37.8871,247.655
37.9799,256.389
38.0728,205.86
38.1656,208.252
38.2585,208.252
38.3514,233.755
38.4442,228.416
38.5371,207.053
38.6299,216.845
38.7228,214.355
38.8157,195.432
38.9085,201.159
39.0014,194.306
39.0942,196.564
39.1871,203.496
39.28,197.703
39.3728,192.075
39.4657,193.187
39.5585,196.564
39.6514,196.564
39.7443,201.159
39.8371,194.306
39.93,207.053
40.0228,201.159
40.1157,210.672
40.2086,209.459
40.3014,214.355
40.3943,71.1203
40.4871,204.675
40.58,200
40.6729,84.0896
40.7657,193.187
40.8586,176.133
40.9514,177.154
41.0443,197.703
41.1372,175.119
41.23,174.11
41.3229,175.119
41.4157,196.564
41.5086,185.532
41.6015,196.564
41.6943,207.053
41.7872,188.775
41.8801,195.432
41.9729,176.133
42.0658,177.154
42.1586,156.917
42.2515,195.432
42.3444,176.133
42.4372,156.013
42.5301,58.7774
42.6229,156.917
42.7158,130.435
42.8087,131.951
42.9015,205.86
42.9944,195.432
43.0872,205.86
43.1801,214.355
43.273,140.607
43.3658,131.951
43.4587,213.12
43.5515,117.555
43.6444,239.219
43.7373,200
43.8301,201.159
43.923,241.999
44.0158,624.052
44.1087,642.338
44.2016,231.071
44.2944,233.755
44.3873,233.755
44.4801,233.755
44.573,193.187
44.6659,102.337
44.7587,102.337
44.8516,233.755
44.9444,233.755
45.0373,
45.1302,71.1203
45.223,103.526
45.3159,227.101
45.4087,176.133
45.5016,175.119
45.5945,195.432
45.6873,196.564
45.7802,184.463
45.873,205.86
45.9659,207.053
46.0588,205.86
46.1516,196.564
46.2445,196.564
46.3374,185.532
46.4302,173.107
46.5231,165.29
46.6159,244.811
46.7088,82.169
46.8017,82.645
46.8945,207.053
46.9874,166.248
47.0802,165.29
47.1731,164.338
47.266,155.114
47.3588,55.1589
47.4517,64.4685
47.5445,131.191
47.6374,131.191
47.7303,131.191
47.8231,133.484
47.916,87.5594
48.0088,87.5594
48.1017,87.0551
48.1946,87.5594
48.2874,87.5594
48.3803,88.0666
48.4731,89.606
48.566,91.7004
48.6589,180.25
48.7517,175.119
48.8446,175.119
48.9374,174.11
49.0303,175.119
49.1232,175.119
49.216,202.324
49.3089,201.159
49.4017,207.053
49.4946,207.053
49.5875,190.968
49.6803,184.463
49.7732,178.18
49.866,176.133
49.9589,177.154
50.0518,175.119
50.1446,175.119
50.2375,165.29
50.3303,175.119
50.4232,177.154
50.5161,64.4685
50.6089,117.555
50.7018,200
50.7947,210.672
50.8875,123.114
50.9804,200
51.0732,205.86
51.1661,175.119
51.259,163.392
51.3518,175.119
51.4447,171.119
51.5375,201.159
51.6304,
51.7233,220.636
51.8161,181.294
51.909,208.252
52.0018,181.294
52.0947,175.119
52.1876,183.401
52.2804,87.0551
52.3733,175.119
52.4661,175.119
52.559,175.119
52.6519,175.119
52.7447,184.463
52.8376,68.302
52.9304,58.4389
53.0233,95.4842
53.1162,58.7774
53.209,115.535
53.3019,205.86
53.3947,179.212
53.4876,179.212
53.5805,324.901
53.6733,175.119
53.7662,175.119
53.859,185.532
53.9519,182.344
54.0448,207.053
54.1376,207.053
54.2305,207.053
54.3233,193.187
54.4162,203.496
54.5091,209.459
54.6019,204.675
54.6948,183.401
54.7876,180.25
54.8805,176.133
54.9734,184.463
55.0662,194.306
55.1591,
55.252,
55.3448,
55.4377,
55.5305,
55.6234,
55.7163,
55.8091,175.119
55.902,176.133
55.9948,175.119
56.0877,173.107
56.1806,176.133
56.2734,184.463
56.3663,208.252
56.4591,221.914
56.552,207.053
56.6449,184.463
56.7377,175.119
56.8306,175.119
56.9234,185.532
57.0163,182.344
57.1092,182.344
57.202,176.133
57.2949,174.11
57.3877,193.187
57.4806,188.775
57.5735,195.432
57.6663,200
57.7592,195.432
57.852,194.306
57.9449,194.306
58.0378,208.252
58.1306,195.432
58.2235,195.432
58.3163,84.5768
58.4092,192.075
58.5021,209.459
58.5949,87.0551
58.6878,87.0551
58.7806,232.409
58.8735,112.896
58.9664,185.532
59.0592,88.0666
59.1521,260.87
59.2449,260.87
59.3378,262.382
59.4307,203.496
59.5235,213.12
59.6164,260.87
59.7093,198.848
59.8021,292.817
59.895,312.026
59.9878,211.893
60.0807,277.984
60.1736,277.984
60.2664,246.229
60.3593,257.874
60.4521,233.755
60.545,240.605
60.6379,260.87
60.7307,233.755
60.8236,232.409
60.9164,262.382
61.0093,260.87
61.1022,232.409
61.195,114.87
61.2879,193.187
61.3807,180.25
61.4736,92.7659
61.5665,257.874
61.6593,262.382
61.7522,180.25
61.845,86.5537
61.9379,87.0551
62.0308,204.675
62.1236,308.442
62.2165,310.229
62.3093,201.159
62.4022,277.984
62.4951,276.383
62.5879,276.383
62.6808,266.968
62.7736,240.605
62.8665,233.755
62.9594,262.382
63.0522,240.605
63.1451,233.755
63.2379,243.401
63.3308,131.191
63.4237,231.071
63.5165,213.12
63.6094,92.7659
63.7022,88.0666
63.7951,205.86
63.888,129.684
63.9808,131.191
64.0737,90.125
64.1666,86.0551
64.2594,262.382
64.3523,196.564
64.4451,270.07
64.538,310.229
64.6309,229.74
64.7237,276.383
64.8166,276.383
64.9094,276.383
65.0023,260.87
65.0952,262.382
65.188,262.382
65.2809,262.382
65.3737,232.409
65.4666,231.071
65.5595,219.365
65.6523,262.382
65.7452,235.11
65.838,237.841
65.9309,205.86
66.0238,205.86
66.1166,205.86
66.2095,207.053
66.3023,208.252
66.3952,204.675
66.4881,207.053
66.5809,207.053
66.6738,207.053
66.7666,201.159
66.8595,233.755
66.9524,214.355
67.0452,232.409
67.1381,232.409
67.2309,232.409
67.3238,116.205
67.4167,211.893
67.5095,209.459
67.6024,195.432
67.6952,197.703
67.7881,208.252
67.881,198.848
67.9738,187.688
68.0667,69.4959
68.1595,69.4959
68.2524,69.0956
68.3453,69.4959
68.4381,69.4959
68.531,69.4959
68.6239,69.4959
68.7167,92.7659
68.8096,69.4959
68.9024,69.4959
68.9953,69.4959
69.0882,69.0956
69.181,93.8438
69.2739,239.219
69.3667,231.071
69.4596,250.533
69.5525,247.655
69.6453,233.755
69.7382,232.409
69.831,232.409
69.9239,232.409
70.0168,243.401
70.1096,260.87
70.2025,262.382
70.2953,130.435
70.3882,65.5954
70.4811,65.5954
70.5739,65.5954
70.6668,65.5954
70.7596,65.5954
70.8525,131.191
70.9454,213.12
71.0382,210.672
71.1311,271.634
71.2239,220.636
71.3168,260.87
71.4097,260.87
71.5025,231.071
71.5954,232.409
71.6882,216.845
71.7811,87.0551
71.874,65.5954
71.9668,65.5954
72.0597,131.951
72.1525,130.435
72.2454,65.5954
72.3383,130.435
72.4311,129.684
72.524,190.968
72.6169,
72.7097,207.053
72.8026,186.607
72.8954,173.107
72.9883,177.154
73.0812,87.0551
73.174,178.18
73.2669,174.11
73.3597,207.053
73.4526,241.999
73.5455,114.87
73.6383,211.893
73.7312,187.688
73.824,97.716
73.9169,176.133
74.0098,203.496
74.1026,262.382
74.1955,260.87
74.2883,235.11
74.3812,235.11
74.4741,247.655
74.5669,214.355
74.6598,204.675
74.7526,195.432
74.8455,192.075
74.9384,176.133
75.0312,174.11
75.1241,174.11
75.2169,175.119
75.3098,87.0551
75.4027,87.0551
75.4955,224.492
75.5884,254.912
75.6812,254.912
75.7741,229.74
75.867,262.382
75.9598,249.09
76.0527,190.968
76.1455,599.323
76.2384,233.755
76.3313,216.845
76.4241,232.409
76.517,116.205
76.6098,73.6284
76.7027,116.205
76.7956,232.409
76.8884,231.071
76.9813,232.409
77.0742,237.841
77.167,192.075
77.2599,276.383
77.3527,276.383
77.4456,138.191
77.5385,69.0956
77.6313,69.4959
77.7242,69.4959
77.817,94.3874
77.9099,88.0666
78.0028,175.119
78.0956,211.893
78.1885,263.902
78.2813,87.0551
78.3742,194.306
78.4671,233.755
78.5599,232.409
78.6528,233.755
78.7456,233.755
78.8385,231.071
78.9314,232.409
79.0242,232.409
79.1171,232.409
79.2099,210.672
79.3028,232.409
79.3957,235.11
79.4885,213.12
79.5814,232.409
79.6742,231.071
79.7671,215.596
79.86,232.409
79.9528,218.102
80.0457,195.432
80.1385,204.675
80.2314,196.564
80.3243,196.564
80.4171,198.848
80.51,211.893
80.6028,197.703
80.6957,198.848
80.7886,196.564
80.8814,198.848
80.9743,200
81.0671,200
81.16,195.432
81.2529,192.075
81.3457,195.432
81.4386,196.564
81.5315,196.564
81.6243,194.306
81.7172,194.306
81.81,197.703
81.9029,196.564
81.9958,388.613
82.0886,384.149
82.1815,193.187
82.2743,193.187
82.3672,194.306
82.4601,194.306
82.5529,388.613
82.6458,388.613
82.7386,131.951
82.8315,131.951
82.9244,126.722
83.0172,229.74
83.1101,186.607
83.2029,254.912
83.2958,201.159
83.3887,130.435
83.4815,259.368
83.5744,240.605
83.6672,251.984
83.7601,
83.853,
83.9458,
84.0387,
84.1315,
84.2244,52.0631
84.3173,88.5768
84.4101,89.606
84.503,88.5768
84.5958,88.5768
84.6887,88.0666
84.7816,189.868
84.8744,178.18
84.9673,78.0065
85.0601,188.775
85.153,260.87
85.2459,233.755
85.3387,211.893
85.4316,231.071
85.5244,232.409
85.6173,221.914
85.7102,232.409
85.803,232.409
85.8959,227.101
85.9888,233.755
86.0816,274.791
86.1745,276.383
86.2673,276.383
86.3602,276.383
86.4531,276.383
86.5459,262.382
86.6388,262.382
86.7316,260.87
86.8245,260.87
86.9174,260.87
87.0102,211.893
87.1031,207.053
87.1959,208.252
87.2888,207.053
87.3817,170.133
87.4745,208.252
87.5674,208.252
87.6602,205.86
87.7531,202.324
87.846,202.324
87.9388,198.848
88.0317,195.432
88.1245,200
88.2174,196.564
88.3103,194.306
88.4031,205.86
88.496,196.564
88.5888,105.336
88.6817,65.5954
88.7746,67.9086
88.8674,
88.9603,
89.0531,220.636
89.146,193.187
89.2389,144.727
89.3317,87.0551
89.4246,192.075
89.5174,332.495
89.6103,352.266
89.7032,177.154
89.796,299.661
89.8889,262.382
89.9817,198.848
90.0746,232.409
90.1675,232.409
90.2603,232.409
90.3532,179.212
90.4461,233.755
90.5389,232.409
90.6318,233.755
90.7246,231.071
90.8175,232.409
90.9104,501.066
91.0032,276.383
91.0961,276.383
91.1889,
91.2818,262.382
91.3747,262.382
91.4675,260.87
91.5604,257.874
91.6532,211.893
91.7461,207.053
91.839,208.252
91.9318,131.951
92.0247,84.5768
92.1175,204.675
92.2104,210.672
92.3033,203.496
92.3961,196.564
92.489,208.252
92.5818,200
92.6747,193.187
92.7676,204.675
92.8604,196.564
92.9533,193.187
93.0461,198.848
93.139,186.607
93.2319,219.365
93.3247,210.672
93.4176,182.344
93.5104,205.86
93.6033,86.5537
93.6962,52.0631
93.789,87.5594
93.8819,87.0551
93.9747,88.0666
94.0676,202.324
94.1605,174.11
94.2533,87.0551
94.3462,
94.439,50.874
94.5319,87.0551
94.6248,205.86
94.7176,211.893
94.8105,198.848
94.9034,200
94.9962,192.075
95.0891,196.564
95.1819,195.432
95.2748,98.2821
95.3677,97.1532
95.4605,195.432
95.5534,200
95.6462,204.675
95.7391,195.432
95.832,205.86
95.9248,87.0551
96.0177,
96.1105,
96.2034,
96.2963,
96.3891,
96.482,76.2249
96.5748,208.252
96.6677,200
96.7606,207.053
96.8534,207.053
96.9463,209.459
97.0391,202.324
97.132,196.564
97.2249,196.564
97.3177,194.306
97.4106,196.564
97.5034,195.432
97.5963,194.306
97.6892,65.2176
97.782,194.306
97.8749,196.564
97.9677,196.564
98.0606,66.3576
98.1535,204.675
98.2463,69.4959
98.3392,208.252
98.432,205.86
98.5249,197.703
98.6178,92.7659
98.7106,205.86
98.8035,260.87
98.8963,263.902
98.9892,271.634
99.0821,89.0899
99.1749,198.848
99.2678,195.432
99.3607,197.703
99.4535,198.848
99.5464,196.564
99.6392,202.324
99.7321,
99.825,193.187
99.9178,208.252
100.011,203.496
100.104,196.564
100.196,197.703
100.289,184.463
100.382,187.688
100.475,205.86
100.568,211.893
100.661,208.252
100.754,211.893
100.846,257.874
100.939,240.605
101.032,203.496
101.125,195.432
101.218,130.435
101.311,260.87
101.404,91.1722
101.496,
101.589,
101.682,
101.775,
101.868,
101.961,
102.054,
102.146,
102.239,
102.332,
102.425,
102.518,
102.611,65.5954
102.704,66.742
102.796,200
102.889,88.5768
102.982,229.74
103.075,229.74
103.168,128.937
103.261,86.5537
103.354,87.0551
103.447,90.125
103.539,61.5572
103.632,175.119
103.725,174.11
103.818,348.22
103.911,350.237
104.004,174.11
104.097,274.791
104.189,350.237
104.282,177.154
104.375,233.755
104.468,232.409
104.561,208.252
104.654,232.409
104.747,233.755
104.839,232.409
104.932,232.409
105.025,232.409
105.118,216.845
105.211,233.755
105.304,241.999
105.397,229.74
105.489,129.684
105.582,244.811
105.675,208.252
105.768,207.053
105.861,207.053
105.954,208.252
106.047,157.826
106.139,233.755
106.232,231.071
106.325,229.74
106.418,235.11
106.511,232.409
106.604,172.11
106.697,232.409
106.789,233.755
106.882,214.355
106.975,211.893
107.068,196.564
107.161,194.306
107.254,196.564
107.347,65.9754
107.44,203.496
107.532,211.893
107.625,132.715
107.718,127.456
107.811,194.306
107.904,87.0551
107.997,87.0551
108.09,184.463
108.182,348.22
108.275,310.229
108.368,179.212
108.461,263.902
108.554,232.409
108.647,219.365
108.74,232.409
108.832,233.755
108.925,183.401
109.018,232.409
109.111,235.11
109.204,204.675
109.297,276.383
109.39,276.383
109.482,276.383
109.575,138.191
109.668,233.755
109.761,218.102
109.854,197.703
109.947,262.382
110.04,260.87
110.132,260.87
110.225,260.87
110.318,88.0666
110.411,211.893
110.504,207.053
110.597,207.053
110.69,207.053
110.782,207.053
110.875,208.252
110.968,207.053
111.061,208.252
111.154,232.409
111.247,233.755
111.34,232.409
111.433,232.409
111.525,235.11
111.618,210.672
111.711,203.496
111.804,196.564
111.897,65.5954
111.99,67.1286
112.083,
112.175,
112.268,
112.361,
112.454,
112.547,
112.64,
112.733,
112.825,
112.918,
113.011,
113.104,
113.197,
113.29,
113.383,
113.475,
113.568,
113.661,
113.754,
113.847,
113.94,
114.033,
114.125,
114.218,64.0972
114.311,94.3874
114.404,135.035
114.497,241.999
114.59,88.5768
114.683,86.0551
114.775,88.0666
114.868,86.5537
114.961,86.5537
115.054,201.159
115.147,262.382
115.24,509.824
115.333,174.11
115.426,71.9467
115.518,165.29
115.611,202.324
115.704,196.564
115.797,196.564
115.89,98.2821
115.983,65.5954
116.076,65.2176
116.168,66.3576
116.261,
116.354,
116.447,
116.54,
116.633,
116.726,
116.818,
116.911,87.5594
117.004,87.5594
117.097,229.74
117.19,251.984
117.283,220.636
117.376,209.459
117.468,137.395
117.561,208.252
117.654,207.053
117.747,197.703
117.84,195.432
117.933,130.435
118.026,138.992
118.118,138.992
118.211,138.992
118.304,254.912
118.397,265.43
118.49,93.3033
118.583,68.6977
118.676,138.191
118.768,138.992
118.861,68.6977
118.954,69.0956
119.047,138.992
119.14,271.634
119.233,116.205
119.326,116.205
119.419,115.535
119.511,117.555
119.604,117.555
119.697,116.878
119.79,116.878
119.883,116.878
119.976,116.205
120.069,58.4389
120.161,58.4389
120.254,58.4389
120.347,98.2821
120.44,98.2821
120.533,98.8514
120.626,244.811
120.719,98.2821
120.811,232.409
120.904,228.416
120.997,117.555
121.09,183.401
121.183,189.868
121.276,179.212
121.369,176.133
121.461,190.968
121.554,196.564
121.647,211.893
121.74,207.053
121.833,195.432
121.926,204.675
122.019,205.86
122.111,176.133
122.204,174.11
122.297,175.119
122.39,174.11
122.483,174.11
122.576,175.119
122.669,175.119
122.761,172.11
122.854,129.684
122.947,193.187
123.04,200
123.133,128.194
123.226,150.699
123.319,178.18
123.412,175.119
123.504,175.119
123.597,176.133
123.69,175.119
123.783,205.86
123.876,200
123.969,208.252
124.062,204.675
124.154,198.848
124.247,196.564
124.34,214.355
124.433,175.119
124.526,176.133
124.619,185.532
124.712,175.119
124.804,174.11
124.897,175.119
124.99,166.248
125.083,160.585
125.176,131.191
125.269,187.688
125.362,66.3576
125.454,64.842
125.547,86.0551
125.64,147.257
125.733,87.0551
125.826,184.463
125.919,176.133
126.012,65.5954
126.104,198.848
126.197,179.212
126.29,209.459
126.383,189.868
126.476,195.432
126.569,87.0551
126.662,183.401
126.754,175.119
126.847,176.133
126.94,175.119
127.033,177.154
127.126,176.133
127.219,175.119
127.312,174.11
127.404,177.154
127.497,175.119
127.59,200
127.683,185.532
127.776,175.119
127.869,185.532
127.962,175.119
128.055,176.133
128.147,176.133
128.24,175.119
128.333,175.119
128.426,201.159
128.519,176.133
128.612,175.119
128.705,162.45
128.797,170.133
128.89,89.606
128.983,224.492
129.076,174.11
129.169,
129.262,176.133
129.355,179.212
129.447,176.133
129.54,175.119
129.633,59.1179
129.726,135.817
129.819,131.191
129.912,90.125
130.005,65.2176
130.097,131.951
130.19,213.12
130.283,130.435
130.376,131.191
130.469,253.444
130.562,228.416
130.655,185.532
130.747,187.688
130.84,176.133
130.933,175.119
131.026,69.0956
131.119,128.194
131.212,190.968
131.305,176.133
131.397,104.126
131.49,143.065
131.583,260.87
131.676,188.775
131.769,262.382
131.862,233.755
131.955,233.755
132.048,232.409
132.14,240.605
132.233,197.703
132.326,231.071
132.419,235.11
132.512,220.636
132.605,233.755
132.698,233.755
132.79,231.071
132.883,231.071
132.976,233.755
133.069,204.675
133.162,236.472
133.255,205.86
133.348,208.252
133.44,208.252
133.533,205.86
133.626,204.675
133.719,233.755
133.812,231.071
133.905,204.675
133.998,178.18
134.09,
134.183,
134.276,190.968
134.369,216.845
134.462,194.306
134.555,196.564
134.648,65.5954
134.74,196.564
134.833,201.159
134.926,194.306
135.019,195.432
135.112,196.564
135.205,196.564
135.298,196.564
135.39,205.86
135.483,204.675
135.576,205.86
135.669,175.119
135.762,175.119
135.855,174.11
135.948,87.5594
136.041,87.5594
136.133,175.119
136.226,175.119
136.319,194.306
136.412,198.848
136.505,193.187
136.598,232.409
136.691,232.409
136.783,241.999
136.876,213.12
136.969,235.11
137.062,121.7
137.155,201.159
137.248,231.071
137.341,235.11
137.433,235.11
137.526,214.355
137.619,232.409
137.712,215.596
137.805,241.999
137.898,260.87
137.991,219.365
138.083,270.07
138.176,130.435
138.269,87.5594
138.362,262.382
138.455,257.874
138.548,233.755
138.641,182.344
138.733,233.755
138.826,233.755
138.919,211.893
139.012,276.383
139.105,277.984
139.198,189.868
139.291,203.496
139.383,68.6977
139.476,188.775
139.569,232.409
139.662,233.755
139.755,233.755
139.848,116.878
139.941,232.409
140.034,232.409
140.126,233.755
140.219,233.755
140.312,233.755
140.405,232.409
140.498,262.382
140.591,87.0551
140.684,262.382
140.776,262.382
140.869,263.902
140.962,174.11
141.055,128.937
141.148,263.902
141.241,207.053
141.334,260.87
141.426,263.902
141.519,182.344
141.612,236.472
141.705,232.409
141.798,231.071
141.891,232.409
141.984,233.755
142.076,233.755
142.169,116.205
142.262,232.409
142.355,180.25
142.448,233.755
142.541,233.755
142.634,233.755
142.726,214.355
142.819,209.459
142.912,472.943
143.005,197.703
143.098,196.564
143.191,195.432
143.284,196.564
143.376,195.432
143.469,65.5954
143.562,203.496
143.655,198.848
143.748,205.86
143.841,196.564
143.934,96.5936
144.027,
144.119,
144.212,
144.305,
144.398,
144.491,
144.584,
144.677,
144.769,
144.862,
144.955,
145.048,
145.141,
145.234,
145.327,
145.419,
145.512,
145.605,
145.698,143.065
145.791,175.119
145.884,205.86
145.977,174.11
146.069,175.119
146.162,190.968
146.255,218.102
146.348,116.878
146.441,253.444
146.534,213.12
146.627,151.572
146.719,128.937
146.812,72.3635
146.905,196.564
146.998,175.119
147.091,175.119
147.184,175.119
147.277,175.119
147.369,175.119
147.462,175.119
147.555,174.11
147.648,202.324
147.741,174.11
147.834,174.11
147.927,194.306
148.02,172.11
148.112,175.119
148.205,188.775
148.298,95.4842
148.391,129.684
148.484,130.435
148.577,195.432
148.67,194.306
148.762,198.848
148.855,96.0373
148.948,175.119
149.041,176.133
149.134,61.2027
149.227,51.7632
149.32,65.5954
149.412,58.7774
149.505,174.11
149.598,173.107
149.691,175.119
149.784,175.119
149.877,86.5537
149.97,204.675
150.062,161.515
150.155,176.133
150.248,187.688
150.341,175.119
150.434,174.11
150.527,224.492
150.62,224.492
150.712,239.219
150.805,176.133
150.898,200
150.991,116.878
151.084,117.555
151.177,89.606
151.27,96.5936
151.362,68.6977
151.455,176.133
151.548,146.409
151.641,90.125
151.734,203.496
151.827,174.11
151.92,175.119
152.013,178.18
152.105,174.11
152.198,87.5594
152.291,198.848
152.384,176.133
152.477,174.11
152.57,203.496
152.663,181.294
152.755,127.456
152.848,133.484
152.941,243.401
153.034,130.435
153.127,130.435
153.22,198.848
153.313,65.2176
153.405,64.842
153.498,186.607
153.591,180.25
153.684,131.191
153.777,184.463
153.87,88.5768
153.963,176.133
154.055,207.053
154.148,197.703
154.241,93.3033
154.334,270.07
154.427,344.221
154.52,
154.613,213.12
154.705,240.605
154.798,250.533
154.891,262.382
154.984,137.395
155.077,175.119
155.17,174.11
155.263,153.333
155.355,348.22
155.448,
155.541,200
155.634,235.11
155.727,116.878
155.82,220.636
155.913,
156.006,
156.098,260.87
156.191,253.444
156.284,310.229
156.377,193.187
156.47,312.026
156.563,177.154
156.656,172.11
156.748,87.5594
156.841,86.0551
156.934,253.444
157.027,262.382
157.12,262.382
157.213,262.382
157.306,197.703
157.398,156.013
157.491,155.114
157.584,90.125
157.677,276.383
157.77,277.984
157.863,202.324
157.956,92.7659
158.048,65.2176
158.141,207.053
158.234,66.3576
158.327,116.205
158.42,232.409
158.513,231.071
158.606,232.409
158.698,216.845
158.791,259.368
158.884,260.87
158.977,262.382
159.07,208.252
159.163,205.86
159.256,207.053
159.348,209.459
159.441,208.252
159.534,208.252
159.627,202.324
159.72,116.205
159.813,68.6977
159.906,203.496
159.999,196.564
160.091,198.848
160.184,200
160.277,211.893
160.37,232.409
160.463,233.755
160.556,233.755
160.649,233.755
160.741,233.755
160.834,232.409
160.927,244.811
161.02,233.755
161.113,207.053
161.206,214.355
161.299,210.672
161.391,492.458
161.484,220.636
161.577,182.344
161.67,228.416
161.763,103.526
161.856,104.126
161.949,195.432
162.041,229.74
162.134,231.071
162.227,205.86
162.32,501.066
162.413,251.984
162.506,196.564
162.599,243.401
162.691,256.389
162.784,216.845
162.877,253.444
162.97,237.841
163.063,260.87
163.156,260.87
163.249,312.026
163.341,155.114
163.434,164.338
163.527,176.133
163.62,176.133
163.713,265.43
163.806,263.902
163.899,196.564
163.992,262.382
164.084,260.87
164.177,262.382
164.27,203.496
164.363,613.331
164.456,620.458
164.549,207.053
164.642,208.252
164.734,292.817
164.827,204.675
164.92,228.416
165.013,260.87
165.106,196.564
165.199,233.755
165.292,232.409
165.384,232.409
165.477,135.035
165.57,131.191
165.663,131.191
165.756,86.5537
165.849,257.874
165.942,260.87
166.034,262.382
166.127,250.533
166.22,88.5768
166.313,201.159
166.406,203.496
166.499,205.86
166.592,205.86
166.684,207.053
166.777,207.053
166.87,205.86
166.963,196.564
167.056,196.564
167.149,196.564
167.242,196.564
167.334,195.432
167.427,195.432
167.52,98.2821
167.613,103.526
167.706,207.053
167.799,195.432
167.892,196.564
167.985,196.564
168.077,97.1532
168.17,195.432
168.263,208.252
168.356,196.564
168.449,195.432
168.542,195.432
168.635,203.496
168.727,65.2176
168.82,87.0551
168.913,200
169.006,165.29
169.099,246.229
169.192,232.409
169.285,237.841
169.377,489.621
169.47,495.311
169.563,192.075
169.656,233.755
169.749,233.755
169.842,241.999
169.935,160.585
170.027,243.401
170.12,77.1105
170.213,176.133
170.306,171.119
170.399,204.675
170.492,174.11
170.585,87.0551
170.677,213.12
170.77,69.4959
170.863,198.848
170.956,196.564
171.049,211.893
171.142,196.564
171.235,284.481
171.327,207.053
171.42,208.252
171.513,209.459
171.606,73.2043
171.699,224.492
171.792,232.409
171.885,233.755
171.978,232.409
172.07,232.409
172.163,86.5537
172.256,256.389
172.349,229.74
172.442,231.071
172.535,241.999
172.628,207.053
172.72,205.86
172.813,196.564
172.906,194.306
172.999,87.5594
173.092,198.848
173.185,86.5537
173.278,215.596
173.37,188.775
173.463,87.5594
173.556,88.0666
173.649,176.133
173.742,183.401
173.835,176.133
173.928,220.636
174.02,202.324
174.113,204.675
174.206,195.432
174.299,224.492
174.392,116.878
174.485,195.432
174.578,196.564
174.67,116.205
174.763,193.187
174.856,207.053
174.949,207.053
175.042,205.86
175.135,88.0666
175.228,86.0551
175.32,251.984
175.413,260.87
175.506,270.07
175.599,87.0551
175.692,88.5768
175.785,92.2316
175.878,85.5595
175.97,177.154
176.063,135.035
176.156,133.484
176.249,203.496
176.342,219.365
176.435,213.12
176.528,205.86
176.621,214.355
176.713,205.86
176.806,198.848
176.899,194.306
176.992,201.159
177.085,204.675
177.178,209.459
177.271,196.564
177.363,197.703
177.456,235.11
177.549,253.444
177.642,260.87
177.735,247.655
177.828,486.801
177.921,253.444
178.013,229.74
178.106,253.444
178.199,164.338
178.292,174.11
178.385,161.515
178.478,165.29
178.571,205.86
178.663,200
178.756,201.159
178.849,198.848
178.942,197.703
179.035,198.848
179.128,204.675
179.221,194.306
179.313,233.755
179.406,197.703
179.499,205.86
179.592,210.672
179.685,200
179.778,87.5594
179.871,241.999
179.963,87.0551
180.056,237.841
180.149,83.6053
180.242,87.5594
180.335,87.0551
180.428,87.0551
180.521,87.0551
180.614,181.294
180.706,260.87
180.799,128.194
180.892,202.324
180.985,233.755
181.078,231.071
181.171,203.496
181.264,231.071
181.356,233.755
181.449,198.848
181.542,232.409
181.635,232.409
181.728,228.416
181.821,253.444
181.914,276.383
182.006,276.383
182.099,259.368
182.192,260.87
182.285,87.0551
182.378,87.0551
182.471,263.902
182.564,88.5768
182.656,90.125
182.749,136.604
182.842,90.125
182.935,209.459
183.028,259.368
183.121,262.382
183.214,219.365
183.306,240.605
183.399,253.444
183.492,211.893
183.585,231.071
183.678,232.409
183.771,231.071
183.864,274.791
183.956,276.383
184.049,274.791
184.142,131.191
184.235,128.194
184.328,78.0065
184.421,87.0551
184.514,87.0551
184.607,86.5537
184.699,224.492
184.792,87.0551
184.885,88.0666
184.978,89.606
185.071,88.0666
185.164,87.5594
185.257,203.496
185.349,88.0666
185.442,87.0551
185.535,202.324
185.628,233.755
185.721,240.605
185.814,221.914
185.907,228.416
185.999,
186.092,
186.185,
186.278,
186.371,
186.464,
186.557,
186.649,
186.742,
186.835,
186.928,350.237
187.021,350.237
187.114,348.22
187.207,348.22
187.299,346.215
187.392,350.237
187.485,350.237
187.578,348.22
187.671,350.237
187.764,348.22
187.857,348.22
187.949,388.613
188.042,390.864
188.135,390.864
188.228,404.648
188.321,409.35
188.414,393.128
188.507,348.22
188.6,348.22
188.692,350.237
188.785,350.237
188.878,348.22
188.971,352.266
189.064,244.811
189.157,87.0551
189.25,87.0551
189.342,87.5594
189.435,87.5594
189.528,87.5594
189.621,205.86
189.714,175.119
189.807,87.5594
189.9,203.496
189.992,87.5594
190.085,235.11
190.178,231.071
190.271,233.755
190.364,232.409
190.457,231.071
190.55,213.12
190.642,211.893
190.735,232.409
190.828,231.071
190.921,265.43
191.014,277.984
191.107,138.992
191.2,138.191
191.292,138.992
191.385,92.2316
191.478,87.5594
191.571,87.5594
191.664,259.368
191.757,260.87
191.85,207.053
191.942,204.675
192.035,207.053
192.128,251.984
192.221,209.459
192.314,203.496
192.407,208.252
192.5,208.252
192.593,196.564
192.685,205.86
192.778,197.703
192.871,198.848
192.964,65.5954
193.057,65.2176
193.15,65.5954
193.243,65.9754
193.335,64.4685
193.428,67.5175
193.521,65.5954
193.614,65.5954
193.707,203.496
193.8,87.5594
193.893,87.5594
193.985,
194.078,53.5887
194.171,146.409
194.264,204.675
194.357,296.22
194.45,348.22
194.543,348.22
194.635,215.596
194.728,276.383
194.821,174.11
194.914,235.11
195.007,233.755
195.1,233.755
195.193,182.344
195.285,232.409
195.378,232.409
195.471,233.755
195.564,233.755
195.657,233.755
195.75,78.0065
195.843,138.992
195.935,138.992
196.028,198.848
196.121,260.87
196.214,260.87
196.307,262.382
196.4,262.382
196.493,213.12
196.586,210.672
196.678,208.252
196.771,208.252
196.864,276.383
196.957,196.564
197.05,68.302
197.143,184.463
197.236,195.432
197.328,205.86
197.421,195.432
197.514,193.187
197.607,202.324
197.7,196.564
197.793,97.716
197.886,198.848
197.978,200
198.071,202.324
198.164,67.5175
198.257,67.9086
198.35,
198.443,
198.536,
198.628,
198.721,87.5594
198.814,87.0551
198.907,224.492
199,175.119
199.093,202.324
199.186,86.5537
199.278,143.893
199.371,241.999
199.464,133.484
199.557,195.432
199.65,232.409
199.743,223.199
199.836,215.596
199.928,231.071
200.021,229.74
200.114,205.86
200.207,211.893
200.3,219.365
200.393,198.848
200.486,204.675
200.579,196.564
200.671,203.496
200.764,88.5768
200.857,64.4685
200.95,64.4685
201.043,
201.136,
201.229,277.984
201.321,406.992
201.414,406.992
201.507,196.564
201.6,148.968
201.693,197.703
201.786,74.4839
201.879,92.2316
201.971,66.3576
202.064,175.119
202.157,194.306
202.25,239.219
202.343,259.368
202.436,216.845
202.529,203.496
202.621,197.703
202.714,65.5954
202.807,65.5954
202.9,65.5954
202.993,
203.086,66.3576
203.179,52.0631
203.271,69.4959
203.364,66.3576
203.457,65.2176
203.55,
203.643,88.0666
203.736,87.5594
203.829,88.5768
203.921,190.968
204.014,196.564
204.107,214.355
204.2,214.355
204.293,210.672
204.386,211.893
204.479,203.496
204.572,203.496
204.664,223.199
204.757,216.845
204.85,197.703
204.943,213.12
205.036,213.12
205.129,76.2249
205.222,78.0065
205.314,205.86
205.407,210.672
205.5,189.868
205.593,180.25
205.686,503.968
205.779,495.311
205.872,263.902
205.964,260.87
206.057,518.736
206.15,524.763
206.243,169.154
206.336,174.11
206.429,175.119
206.522,228.416
206.614,179.212
206.707,
206.8,
206.893,
206.986,
207.079,
207.172,50.2896
207.264,64.4685
207.357,131.951
207.45,64.842
207.543,65.9754
207.636,66.3576
207.729,87.5594
207.822,87.5594
207.914,89.0899
208.007,175.119
208.1,175.119
208.193,87.5594
208.286,271.634
208.379,271.634
208.472,350.237
208.565,188.775
208.657,175.119
208.75,175.119
208.843,186.607
208.936,418.918
209.029,393.128
209.122,225.793
209.215,196.564
209.307,195.432
209.4,219.365
209.493,276.383
209.586,277.984
209.679,277.984
209.772,138.992
209.865,233.755
209.957,138.992
210.05,177.154
210.143,346.215
210.236,172.11
210.329,174.11
210.422,175.119
210.515,87.5594
210.607,243.401
210.7,262.382
210.793,262.382
210.886,183.401
210.979,260.87
211.072,262.382
211.165,198.848
211.257,233.755
211.35,233.755
211.443,228.416
211.536,243.401
211.629,232.409
211.722,251.984
211.815,515.748
211.907,521.741
212,260.87
212.093,244.811
212.186,263.902
212.279,262.382
212.372,175.119
212.465,175.119
212.558,176.133
212.65,175.119
212.743,175.119
212.836,175.119
212.929,224.492
213.022,627.667
213.115,613.331
213.208,204.675
213.3,262.382
213.393,262.382
213.486,262.382
213.579,233.755
213.672,233.755
213.765,229.74
213.858,209.459
213.95,120.303
214.043,276.383
214.136,277.984
214.229,276.383
214.322,138.992
214.415,71.9467
214.508,69.4959
214.6,111.6
214.693,263.902
214.786,262.382
214.879,262.382
214.972,262.382
215.065,262.382
215.158,262.382
215.25,260.87
215.343,260.87
215.436,263.902
215.529,174.11
215.622,260.87
215.715,251.984
215.808,233.755
215.9,257.874
215.993,262.382
216.086,262.382
216.179,175.119
216.272,64.4685
216.365,65.5954
216.458,132.715
216.551,66.3576
216.643,65.5954
216.736,65.5954
216.829,65.5954
216.922,65.2176
217.015,86.5537
217.108,87.5594
217.201,228.416
217.293,176.133
217.386,175.119
217.479,176.133
217.572,98.2821
217.665,175.119
217.758,175.119
217.851,177.154
217.943,156.917
218.036,173.107
218.129,239.219
218.222,98.8514
218.315,97.716
218.408,98.2821
218.501,196.564
218.593,239.219
218.686,236.472
218.779,249.09
218.872,174.11
218.965,
219.058,69.8985
219.151,122.405
219.243,82.169
219.336,86.5537
219.429,176.133
219.522,175.119
219.615,175.119
219.708,177.154
219.801,87.5594
219.893,210.672
219.986,530.861
220.079,524.763
220.172,521.741
220.265,521.741
220.358,521.741
220.451,530.861
220.544,194.306
220.636,65.5954
220.729,65.9754
220.822,66.3576
220.915,182.344
221.008,177.154
221.101,106.56
221.194,178.18
221.286,177.154
221.379,65.9754
221.472,65.9754
221.565,
221.658,
221.751,
221.844,
221.936,
222.029,
222.122,
222.215,
222.308,
222.401,
222.494,
222.586,
222.679,
222.772,
222.865,138.191
222.958,138.992
223.051,138.992
223.144,94.9342
223.236,139.797
223.329,138.992
223.422,69.0956
223.515,138.191
223.608,138.992
223.701,69.4959
223.794,138.992
223.886,139.797
223.979,69.8985
224.072,116.205
224.165,116.878
224.258,116.878
224.351,116.878
224.444,116.205
224.537,115.535
224.629,117.555
224.722,116.878
224.815,116.205
224.908,58.4389
225.001,58.1023
225.094,123.828
225.187,70.3034
225.279,97.716
225.372,98.8514
225.465,193.187
225.558,202.324
225.651,97.716
225.744,
225.837,97.1532
225.929,98.2821
226.022,98.2821
226.115,215.596
226.208,98.2821
226.301,200
226.394,109.682
226.487,107.798
226.579,185.532
226.672,177.154
226.765,102.337
226.858,213.12
226.951,114.208
227.044,118.236
227.137,270.07
227.229,177.154
227.322,84.5768
227.415,109.682
227.508,107.798
227.601,218.102
227.694,225.793
227.787,224.492
227.879,227.101
227.972,235.11
228.065,236.472
228.158,232.409
228.251,233.755
228.344,241.999
228.437,233.755
228.529,236.472
228.622,236.472
228.715,123.828
228.808,86.5537
228.901,68.6977
228.994,69.4959
229.087,84.0896
229.18,204.675
229.272,68.302
229.365,52.0631
229.458,69.0956
229.551,176.133
229.644,287.787
229.737,155.114
229.83,273.208
229.922,135.817
230.015,213.12
230.108,197.703
230.201,231.071
230.294,155.114
230.387,74.9154
230.48,142.241
230.572,213.12
230.665,95.4842
230.758,65.2176
230.851,77.1105
230.944,
231.037,59.1179
231.13,128.937
231.222,70.7107
231.315,69.0956
231.408,50
231.501,138.191
231.594,138.191
231.687,51.7632
231.78,86.5537
231.872,239.219
231.965,178.18
232.058,87.0551
232.151,180.25
232.244,58.1023
232.337,58.4389
232.43,
232.522,
232.615,
232.708,
232.801,
232.894,
232.987,
233.08,
233.173,
233.265,
233.358,
233.451,51.4651
233.544,68.302
233.637,52.3647
233.73,51.7632
233.823,130.435
233.915,126.722
234.008,127.456
234.101,244.811
234.194,220.636
234.287,135.035
234.38,113.55
234.473,223.199
234.565,223.199
234.658,213.12
234.751,220.636
234.844,207.053
234.937,102.337
235.03,202.324
235.123,220.636
235.215,250.533
235.308,237.841
235.401,219.365
235.494,244.811
235.587,237.841
235.68,235.11
235.773,213.12
235.865,213.12
235.958,184.463
236.051,176.133
236.144,58.4389
236.237,58.4389
236.33,
236.423,
236.515,
236.608,
236.701,
236.794,
236.887,
236.98,
237.073,
237.166,
237.258,
237.351,
237.444,
237.537,
237.63,
237.723,
237.816,
237.908,
238.001,
238.094,
238.187,
238.28,
238.373,
238.466,
238.558,
238.651,
238.744,
238.837,
238.93,
239.023,
239.116,
239.208,
239.301,
239.394,
239.487,
239.58,
239.673,
239.766,
239.858,
239.951,
240.044,
240.137,
240.23,
240.323,
240.416,
240.508,
240.601,
240.694,
240.787,
240.88,
240.973,
241.066,
241.159,
241.251,
241.344,
241.437,
241.53,
241.623,110.957
241.716,118.921
241.809,197.703
241.901,233.755
241.994,228.416
242.087,231.071
242.18,219.365
242.273,229.74
242.366,233.755
242.459,144.727
242.551,143.893
242.644,67.9086
242.737,87.0551
242.83,87.5594
242.923,87.5594
243.016,175.119
243.109,87.0551
243.201,175.119
243.294,174.11
243.387,175.119
243.48,175.119
243.573,117.555
243.666,117.555
243.759,117.555
243.851,
243.944,131.951
244.037,128.937
244.13,64.0972
244.223,64.842
244.316,65.2176
244.409,110.318
244.501,65.5954
244.594,173.107
244.687,129.684
244.78,65.2176
244.873,64.842
244.966,
245.059,
245.152,
245.244,
245.337,
245.43,
245.523,
245.616,
245.709,
245.802,
245.894,59.1179
245.987,116.205
246.08,125.992
246.173,128.937
246.266,250.533
246.359,244.811
246.452,188.775
246.544,229.74
246.637,232.409
246.73,203.496
246.823,236.472
246.916,76.6664
247.009,235.11
247.102,133.484
247.194,240.605
247.287,208.252
247.38,127.456
247.473,125.266
247.566,130.435
247.659,128.937
247.752,263.902
247.844,270.07
247.937,421.344
248.03,414.106
248.123,512.778
248.216,171.119
248.309,57.7676
248.402,66.742
248.494,
248.587,
248.68,
248.773,
248.866,
248.959,
249.052,
249.145,
249.237,
249.33,
249.423,
249.516,
249.609,
249.702,67.5175
249.795,88.0666
249.887,131.191
249.98,131.191
250.073,172.11
250.166,
250.259,211.893
250.352,229.74
250.445,246.229
250.537,174.11
250.63,174.11
250.723,221.914
